Theme	File-number
music'	0
music that helps 	1
relaxation/ calming	2
Music for Depression	3
What music do you listen to?	4
mood regulation	5
depressive music	6
Music	7
Music recommendations for depression -	8
coping mechanism	9
music as distraction, music - mind 	10
Music and Depression 	11
Depressing music 	12
listening in the dark	13
mood worsening	14
cant enjoy music anymore	15
music makes me happy	16
music videos	17
can only feel music, can not feel music	18
sad music reccomendations	19
What music do you listen	20
music as therapy	21
music to heal	22
create music	23
What music to listen to when feeling down?	24
Addicted to music	25
music makes me depressed / too depressed for music	26
music keeping alive	27
music recommendations	28
sharing music	29
Anyone listen to sad music	30
listening to sad music	31
music suggestions	32
music affects depression - mixed 	33
only enjoyment is music	34
music saved life	35
Escape to better times (nostalgia)	36
genric music	37
music as an escape	38
can't listen to music anymore	39
music makes me cry	40
lost interest in music	41
cant listen to music anymore	42
like music	43
new music	44